Feature,Importance
QtdeFrequencia,0.13916777675847755
freqVida,0.09804027557519998
Recencia,0.09797225735948673
QtdeTransacoes,0.07119967601139614
ShareSemana1,0.059531357834690934
SaldoPontos,0.05628089530780302
QtdePontosPositivos,0.050154815915005084
diasDesdeUltimoStreak,0.04489219369562435
diasPrimeiraTransacao,0.03407433674067061
zScore,0.0296067391345583
ShareSexta,0.02914011400546349
QtdePontos,0.02910385371504836
qtdeProdutoDistintos,0.0270746057313411
ShareQuinta,0.02372189196801307
ShareTerca,0.023249064444588918
ShareQuarta,0.01987668879273764
pctTransacao_streak,0.019051863482750384
pctPontosAbs_streak,0.017433209373377435
ShareSemana4,0.01717378362357242
ShareSegunda,0.017011246515753864
flStreak,0.013832747935040385
pctTransacao_chat,0.01358613300711361
pctPontosAbs_chat,0.012564594576271668
ShareSemana2,0.011838039347678882
pctPontosAbs_presenca,0.011468314671392138
ShareSemana3,0.011016217408578301
pctTransacao_presenca,0.00978653807489323
pctTransacao_outros,0.0033252851468395456
avgTempoInicioUltimo,0.003201407744710491
avgTempoInicioFim,0.00161209627509189
qtdCursosIniciados,0.0011481132413202024
pctPontosAbs_outros,0.0008874281162298442
qtdCursosFinalizados,0.0007818559551033273
python_2025,0.0006083328780851266
github_2025,0.0003380291784234376
sql_2025,0.00012940671382717105
pandas_2025,6.369925972287702e-05
estatistica_2025,5.511448411868638e-05
pandas_2024,0.0
f1_lake,0.0
ragia,0.0
loyalty_predict_2025,0.0
go_2026,0.0
ia_canal_2025,0.0
tse_analytics_2024,0.0
machine_learning_2025,0.0
matchmaking_trampar_de_casa_2024,0.0
estatistica_2024,0.0
github_2024,0.0
speed_f1,0.0
ml_2024,0.0
pctPontosAbs_streamElements,0.0
streamlit_2025,0.0
mlflow_2025,0.0
pctPontosAbs_ponei,0.0
ShareDomingo,0.0
pctTransacao_streamElements,0.0
pctTransacao_ponei,0.0
ShareSabado,0.0
plataforma_ml_2026,0.0
carreira,0.0
ds_pontos_2024,0.0
nekt_2025,0.0
coleta_dados_2024,0.0
lago_mago_2024,0.0
trampar_lakehouse_2024,0.0
ds_databricks_2024,0.0
sql_2020,0.0
python_2024,0.0
