dtRef,IdCliente,QtdeFrequencia,QtdePontos,QtdePontosPositivos,Recencia,QtdeTransacoes,zScore,diasPrimeiraTransacao,freqVida,SaldoPontos,pctTransacao_chat,pctTransacao_presenca,pctTransacao_streak,pctTransacao_ponei,pctTransacao_streamElements,pctTransacao_outros,pctPontosAbs_chat,pctPontosAbs_presenca,pctPontosAbs_streak,pctPontosAbs_ponei,pctPontosAbs_streamElements,pctPontosAbs_outros,flStreak,diasDesdeUltimoStreak,qtdeProdutoDistintos,ShareDomingo,ShareSegunda,ShareTerca,ShareQuarta,ShareQuinta,ShareSexta,ShareSabado,ShareSemana1,ShareSemana2,ShareSemana3,ShareSemana4,qtdCursosIniciados,qtdCursosFinalizados,python_2025,plataforma_ml_2026,mlflow_2025,carreira,nekt_2025,estatistica_2025,coleta_dados_2024,python_2024,lago_mago_2024,github_2025,trampar_lakehouse_2024,ds_databricks_2024,sql_2020,ds_pontos_2024,streamlit_2025,estatistica_2024,ml_2024,ragia,sql_2025,loyalty_predict_2025,go_2026,f1_lake,ia_canal_2025,tse_analytics_2024,machine_learning_2025,matchmaking_trampar_de_casa_2024,pandas_2024,pandas_2025,speed_f1,github_2024,avgTempoInicioUltimo,avgTempoInicioFim,Proba
2026-07-01,9154669b-3725-411a-bffd-a833bbd60dc1,25,2534,2534,1,84,2.20390572041709,288,207,4435,0.40476190476190477,0.2976190476190476,0.0,0.0,0.0,0.2976190476190476,0.013417521704814523,0.49329123914759276,,,,0.49329123914759276,0,,3,4.76,17.86,15.48,15.48,13.10,26.19,7.14,19.05,21.43,23.81,33.33,,,,,,,,,,,,,,,,,,,,,,,,,,,,,,,,,,,0.16884588243658652
2026-07-01,752d53df-332a-4bcc-a673-3258583aa133,19,2286,2286,1,63,1.9256759667732861,422,163,11507,0.5714285714285714,0.30158730158730157,0.0,0.031746031746031744,0.0,0.09523809523809523,0.015748031496062992,0.41557305336832895,,0.4374453193350831,,0.13123359580052493,0,,4,0.00,15.87,20.63,20.63,25.40,17.46,0.00,15.87,19.05,26.98,31.75,2.0,0.0,0.0,0.0,0.0,0.8,0.0,0.0,0.0,0.0,0.0,0.0,0.0,0.0,0.0,0.0,0.0,0.0,0.0,0.0,0.8333333333333334,0.0,0.0,0.0,0.0,0.0,0.0,0.0,0.0,0.0,0.0,0.0,118.5,,0.17373567607998444
2026-07-01,5ed09fff-c0eb-48db-b6e3-20ef238e8b5c,19,1905,1905,1,43,1.4982342887963127,877,540,2197,0.11627906976744186,0.4418604651162791,0.0,0.0,0.0,0.4418604651162791,0.0026246719160104987,0.49868766404199477,,,,0.49868766404199477,0,,3,0.00,20.93,18.60,18.60,18.60,23.26,0.00,20.93,30.23,20.93,23.26,,,,,,,,,,,,,,,,,,,,,,,,,,,,,,,,,,,0.17406931486001773
2026-07-01,820c0e06-c405-4979-8975-ecfa17abb0f9,28,1909,4909,1,170,4.868404369223684,855,652,2532,0.6411764705882353,0.16470588235294117,0.0,0.023529411764705882,0.0058823529411764705,0.16470588235294117,0.013781767606524213,0.17701352889113667,,0.252876469844481,0.37931470476672147,0.17701352889113667,0,,5,5.29,14.71,11.76,32.35,11.76,19.41,4.71,14.12,26.47,32.35,18.24,,,,,,,,,,,,,,,,,,,,,,,,,,,,,,,,,,,0.17595551654284655
2026-07-01,65662aff-44d6-4f06-b9d9-07445c6e5943,19,4723,4723,1,1413,4.6597320539908305,884,531,6655,0.9716914366595896,0.013446567586694975,0.0,0.0021231422505307855,0.0,0.012738853503184714,0.2907050603430023,0.20114334109676055,,0.31759474910014823,,0.19055684946008894,0,,4,0.00,16.07,14.37,34.39,12.88,22.29,0.00,13.45,38.64,20.24,22.86,2.0,1.0,0.0,0.0,0.0,0.0,0.0,0.0,0.0,0.4,0.0,0.0,0.0,0.0,0.0,0.0,0.0,0.0,0.0,0.0,0.0,0.0,0.0,0.0,0.0,0.0,1.0,0.0,0.0,0.0,0.0,0.0,0.0,0.0,0.17778539103690721
2026-07-01,2d3d2dce-d353-4961-ad39-46723efe2100,20,2127,2127,1,167,1.7472947940742343,884,504,5627,0.7604790419161677,0.11976047904191617,0.0,0.0,0.0,0.11976047904191617,0.059708509637987774,0.4701457451810061,,,,0.4701457451810061,0,,3,0.00,10.78,5.99,28.14,19.16,35.93,0.00,11.98,18.56,14.97,36.53,17.0,17.0,1.0,0.0,1.0,1.0,1.0,0.0,0.0,0.0,1.0,1.0,1.0,1.0,0.0,1.0,1.0,0.0,0.0,1.0,1.0,1.0,1.0,0.0,0.0,1.0,0.0,1.0,0.0,0.0,1.0,0.0,8.235294117647058,8.235294117647058,0.18405491962332163
2026-07-01,520ec5df-4362-4dc5-8652-908676138114,21,1908,1908,1,144,1.5015999713000683,587,397,9160,0.75,0.14583333333333334,0.0,0.0,0.0,0.10416666666666667,0.05660377358490566,0.550314465408805,,,,0.39308176100628933,0,,3,0.69,31.25,10.42,22.92,9.03,25.69,0.00,8.33,11.11,44.44,29.86,,,,,,,,,,,,,,,,,,,,,,,,,,,,,,,,,,,0.18437402865068114
2026-07-01,0b8f27e9-3fd2-4ae6-93fd-1c068fca42f5,13,1047,1047,1,67,0.5356490927221834,126,60,2028,0.7014925373134329,0.19402985074626866,0.0,0.0,0.0,0.1044776119402985,0.044890162368672396,0.620821394460363,,,,0.3342884431709647,0,,3,0.00,0.00,4.48,20.90,14.93,58.21,1.49,32.84,19.40,8.96,35.82,,,,,,,,,,,,,,,,,,,,,,,,,,,,,,,,,,,0.185726581843298
2026-07-01,2a9d4ba3-4c58-47f9-8dc4-6f9cb50be1b1,21,2951,2952,1,44,2.672857482607051,876,466,32360,0.045454545454545456,0.4772727272727273,0.0,0.045454545454545456,0.0,0.4318181818181818,0.0006772773450728074,0.35557060616322383,,0.3386386725364037,,0.3051134439552997,0,,5,0.00,18.18,18.18,15.91,22.73,15.91,9.09,31.82,22.73,22.73,20.45,,,,,,,,,,,,,,,,,,,,,,,,,,,,,,,,,,,0.18703743421684074
2026-07-01,5ff083a7-e818-4367-bda5-a9cee8dec654,23,3306,3306,1,54,3.0700080180502227,505,339,18780,0.1111111111111111,0.42592592592592593,0.0,0.037037037037037035,0.0,0.42592592592592593,0.0018148820326678765,0.34785238959467635,,0.3024803387779794,,0.34785238959467635,0,,4,7.41,14.81,16.67,24.07,18.52,14.81,3.70,22.22,24.07,25.93,22.22,,,,,,,,,,,,,,,,,,,,,,,,,,,,,,,,,,,0.18848108755158371
2026-07-01,821134d7-f44d-4769-8c2c-b50e82c16099,17,1307,1315,1,49,0.8363167297243589,883,155,1858,0.30612244897959184,0.3469387755102041,0.0,0.0,0.0,0.3469387755102041,0.011337868480725623,0.6424792139077853,,,,0.34618291761148906,0,,4,0.00,14.29,28.57,14.29,30.61,12.24,0.00,18.37,22.45,32.65,20.41,,,,,,,,,,,,,,,,,,,,,,,,,,,,,,,,,,,0.19211223987778575
2026-07-01,451766e5-10d1-41f9-b176-ac3aa34e5a59,19,2269,2269,2,897,1.9066037659186705,310,181,2828,0.9687848383500557,0.020066889632107024,0.0,0.0,0.0,0.011148272017837236,0.3829881004847951,0.3966505068312032,,,,0.22036139268400176,0,,3,0.00,17.84,12.60,48.61,5.80,15.16,0.00,12.60,46.60,28.87,9.25,,,,,,,,,,,,,,,,,,,,,,,,,,,,,,,,,,,0.19949651498083162
2026-07-01,7107771a-0558-4aaa-a66e-570205a7f367,22,-1399,1601,1,25,1.1571784617490688,866,488,2347,0.04,0.88,0.0,0.04,0.04,0.0,0.00021734405564007825,0.23907846120408607,,0.10867202782003912,0.6520321669202347,,0,,4,4.00,16.00,24.00,16.00,16.00,20.00,4.00,28.00,20.00,20.00,28.00,,,,,,,,,,,,,,,,,,,,,,,,,,,,,,,,,,,0.2080233741137197
2026-07-01,6313ceac-7806-4d34-aedd-476eed7c853a,28,-2140,3860,1,119,3.691537387077108,758,657,3005,0.5042016806722689,0.23529411764705882,0.0,0.01680672268907563,0.008403361344537815,0.23529411764705882,0.006085192697768763,0.14198782961460446,,0.10141987829614604,0.6085192697768763,0.14198782961460446,0,,5,6.72,7.56,10.92,20.17,25.21,22.69,6.72,17.65,34.45,26.89,18.49,11.0,10.0,1.0,0.0,0.0,1.0,0.0,1.0,0.0,1.0,0.0,1.0,0.0,0.0,0.0,0.0,0.0,1.0,1.0,0.0,0.0,0.0,0.0,0.0,0.0,0.0,0.28,0.0,1.0,1.0,0.0,1.0,42.09090909090909,45.3,0.20916889730411475
2026-07-01,a327611d-a675-4f90-bce8-5aef803458a8,24,160,3160,1,312,2.9062114695341124,254,204,546,0.8333333333333334,0.07692307692307693,0.0,0.003205128205128205,0.009615384615384616,0.07692307692307693,0.04220779220779221,0.19480519480519481,,0.08116883116883117,0.487012987012987,0.19480519480519481,0,,5,1.28,9.62,16.67,31.09,18.91,19.87,2.56,17.63,16.03,29.81,26.60,5.0,5.0,1.0,0.0,0.0,0.0,0.0,0.0,0.0,0.0,0.0,1.0,0.0,0.0,0.0,0.0,0.0,0.0,0.0,0.0,1.0,0.0,0.0,0.0,0.0,0.0,0.0,0.0,0.0,1.0,0.0,1.0,23.8,23.8,0.21385869106057356
2026-07-01,030496ce-9cb6-42a9-aa5a-5389dd4a2500,20,949,2950,1,44,2.6706136942712138,287,189,1695,0.0,0.45454545454545453,0.0,0.045454545454545456,0.045454545454545456,0.45454545454545453,,0.20197939810139365,,0.20197939810139365,0.4039587962027873,0.19208240759442538,0,,5,6.82,18.18,13.64,20.45,18.18,18.18,4.55,18.18,31.82,31.82,13.64,4.0,2.0,0.0,0.0,0.0,0.0,0.0,0.7727272727272727,0.0,0.0,0.0,1.0,0.0,0.0,0.0,0.0,0.0,0.0,0.0,0.0,0.0,1.0,0.0,0.0,0.0,0.0,0.0,0.0,0.0,0.0,0.5,0.0,21.25,17.5,0.21617773343711408
2026-07-01,8c17e0b6-9dcc-4574-81d0-ec1641f1b735,22,-2611,2389,1,234,2.041231066068898,509,205,1021,0.8076923076923077,0.09401709401709402,0.0,0.0,0.004273504273504274,0.09401709401709402,0.025578562728380026,0.14886994180538637,,,0.6766815536608473,0.14886994180538637,0,,4,2.56,11.11,27.35,32.48,13.68,12.82,0.00,12.39,29.91,27.78,26.07,3.0,1.0,0.21428571428571427,0.0,0.0,0.0,0.0,0.0,0.0,0.0,0.0,1.0,0.0,0.0,0.0,0.0,0.0,0.0,0.0,0.0,0.6,0.0,0.0,0.0,0.0,0.0,0.0,0.0,0.0,0.0,0.0,0.0,41.0,4.0,0.21620558391695097
2026-07-01,727084f7-a8e7-4add-bcc7-ec5791cfba03,15,1391,1391,5,68,0.9215806864861699,497,189,7564,0.6029411764705882,0.22058823529411764,0.0,0.0,0.0,0.17647058823529413,0.029475197699496764,0.5391804457225018,,,,0.43134435657800146,0,,3,0.00,13.24,13.24,20.59,19.12,33.82,0.00,35.29,27.94,23.53,10.29,,,,,,,,,,,,,,,,,,,,,,,,,,,,,,,,,,,0.2186231559083198
2026-07-01,d4ce2a45-8c31-426e-9220-6684f206d004,27,1518,1518,1,48,1.0640612458118277,271,32,1719,0.375,0.5625,0.0,0.0,0.0,0.0625,0.011857707509881422,0.8893280632411067,,,,0.09881422924901186,0,,3,6.25,10.42,12.50,43.75,8.33,10.42,8.33,12.50,22.92,47.92,14.58,,,,,,,,,,,,,,,,,,,,,,,,,,,,,,,,,,,0.22183391438025335
2026-07-01,d718795e-64a2-43b5-9c58-9f3dad0e7d2e,14,906,909,1,79,0.3808276975494213,153,70,4633,0.7468354430379747,0.17721518987341772,0.0,0.0,0.0,0.0759493670886076,0.06469298245614036,0.7675438596491229,,,,0.16776315789473684,0,,4,0.00,65.82,8.86,2.53,8.86,13.92,0.00,16.46,74.68,6.33,2.53,,,,,,,,,,,,,,,,,,,,,,,,,,,,,,,,,,,0.22380472996096426
2026-07-01,efd39a57-b136-482a-9dc2-325259850d6b,18,2513,2513,5,290,2.1803459428908005,749,356,3053,0.906896551724138,0.06206896551724138,0.0,0.006896551724137931,0.0,0.02413793103448276,0.10465578989255869,0.3581376840429765,,0.3979307600477517,,0.1392757660167131,0,,4,0.00,5.86,17.93,28.62,7.93,39.66,0.00,21.03,17.24,20.69,37.24,2.0,1.0,0.0,0.0,0.0,0.0,0.0,0.0,0.0,0.0,0.0,0.2222222222222222,1.0,0.0,0.0,0.0,0.0,0.0,0.0,0.0,0.0,0.0,0.0,0.0,0.0,0.0,0.0,0.0,0.0,0.0,0.0,0.0,0.0,0.0,0.22466403800817175
2026-07-01,1b08989c-039d-4c82-879b-0f56159a1ebb,13,673,674,5,38,0.11718256808855844,855,421,831,0.631578947368421,0.34210526315789475,0.0,0.0,0.0,0.02631578947368421,0.035555555555555556,0.9629629629629629,,,,0.0014814814814814814,0,,3,0.00,21.05,15.79,26.32,13.16,23.68,0.00,15.79,36.84,28.95,13.16,,,,,,,,,,,,,,,,,,,,,,,,,,,,,,,,,,,0.22739260347925067
2026-07-01,072aba85-cb25-41af-b11e-7b483d97b6e7,14,1331,1331,5,97,0.854267036411056,224,71,4124,0.8350515463917526,0.13402061855670103,0.0,0.010309278350515464,0.0,0.020618556701030927,0.0608564988730278,0.4883546205860255,,0.3756574004507889,,0.07513148009015777,0,,4,0.00,4.12,7.22,26.80,18.56,43.30,0.00,14.43,6.19,14.43,48.45,5.0,1.0,0.07142857142857142,0.0,0.0,0.0,0.0,0.0,0.0,0.0,0.0,1.0,0.0,0.0,0.0,0.0,0.0,0.0,0.0,0.0,0.2,0.0967741935483871,0.22857142857142856,0.0,0.0,0.0,0.0,0.0,0.0,0.0,0.0,0.0,15.0,61.0,0.2276632388448157
2026-07-01,74c06e4d-0d4f-48f1-96af-a03c7b18ce47,13,1402,1402,5,128,0.9339215223332741,884,345,3909,0.796875,0.1015625,0.0,0.0,0.0,0.1015625,0.07275320970042796,0.463623395149786,,,,0.463623395149786,0,,3,0.00,5.47,17.97,24.22,26.56,25.78,0.00,14.06,45.31,28.91,11.72,,,,,,,,,,,,,,,,,,,,,,,,,,,,,,,,,,,0.22944517653087165
2026-07-01,5f8fcbe0-6014-43f8-8b83-38cf2f4887b3,15,305,305,2,109,-0.2967963798733922,886,549,2310,0.963302752293578,0.027522935779816515,0.0,0.0,0.0,0.009174311926605505,0.3442622950819672,0.4918032786885246,,,,0.16393442622950818,0,,3,0.00,8.26,15.60,49.54,8.26,15.60,2.75,17.43,11.93,17.43,27.52,6.0,4.0,0.07142857142857142,0.0,0.0,0.0,0.0,0.0,0.0,0.0,0.0,1.0,0.0,0.0,1.0,0.0,0.0,0.0,0.2857142857142857,0.0,1.0,0.0,0.0,0.0,0.0,0.0,0.0,0.0,0.0,0.0,1.0,0.0,37.833333333333336,56.75,0.23028439825899377
2026-07-01,163022e8-12b8-486f-8604-57d8fa0ed7e1,28,-22085,2915,1,65,2.631347398394064,497,389,2235,0.23076923076923078,0.4307692307692308,0.0,0.015384615384615385,0.015384615384615385,0.3076923076923077,0.0005373455131649651,0.05015224789539674,,0.017911517105498837,0.8955758552749418,0.035823034210997674,0,,5,12.31,15.38,13.85,18.46,18.46,9.23,12.31,24.62,30.77,23.08,18.46,2.0,1.0,0.0,0.0,0.0,0.0,0.0,0.0,0.0,0.6,0.0,0.0,0.0,0.0,0.0,0.0,0.0,0.0,0.0,0.0,0.0,0.0,0.0,0.0,0.0,0.0,0.0,0.0,0.0,0.0,0.0,1.0,130.5,0.0,0.23257801618045967
2026-07-01,e6594b5d-2e06-4da5-abff-344d79830f1e,14,701,701,5,15,0.1474737106223597,541,62,2910,0.06666666666666667,0.9333333333333333,0.0,0.0,0.0,0.0,0.0014265335235378032,0.9985734664764622,,,,,0,,2,0.00,6.67,13.33,20.00,33.33,26.67,0.00,13.33,13.33,33.33,33.33,,,,,,,,,,,,,,,,,,,,,,,,,,,,,,,,,,,0.23642813896776602
2026-07-01,5da95a1f-6d92-4b9e-b013-c0631bf71072,15,752,752,5,17,0.20469031318620656,85,52,3083,0.11764705882352941,0.8823529411764706,0.0,0.0,0.0,0.0,0.0026595744680851063,0.9973404255319149,,,,,0,,2,0.00,11.76,11.76,29.41,23.53,23.53,0.00,11.76,29.41,23.53,23.53,,,,,,,,,,,,,,,,,,,,,,,,,,,,,,,,,,,0.23675037853757597
2026-07-01,4775537e-3bfb-443f-8a6c-bd3f3c2fd9e4,14,1802,1802,5,29,1.3826791895007005,811,173,9062,0.06896551724137931,0.4827586206896552,0.0,0.034482758620689655,0.0,0.41379310344827586,0.0011098779134295228,0.38845726970033295,,0.27746947835738067,,0.33296337402885684,0,,4,0.00,6.90,20.69,24.14,24.14,24.14,0.00,17.24,27.59,41.38,10.34,,,,,,,,,,,,,,,,,,,,,,,,,,,,,,,,,,,0.24128402707302318
2026-07-01,ec5db4bb-61ce-4d3b-92d6-4136f4043727,17,851,851,5,18,0.31575783581014455,275,165,8782,0.05555555555555555,0.9444444444444444,0.0,0.0,0.0,0.0,0.0011750881316098707,0.9988249118683902,,,,,0,,2,0.00,11.11,16.67,22.22,27.78,22.22,0.00,16.67,27.78,27.78,22.22,3.0,2.0,1.0,0.0,0.0,0.0,0.0,0.0,0.0,0.0,0.0,1.0,0.0,0.0,0.0,0.0,0.0,0.0,0.0,0.0,0.2,0.0,0.0,0.0,0.0,0.0,0.0,0.0,0.0,0.0,0.0,0.0,37.333333333333336,48.5,0.24443849673760754
2026-07-01,02bfd4d9-4dd6-44e5-88b8-2cc08caf3267,12,2072,2072,6,36,1.6855906148387132,789,239,2609,0.6111111111111112,0.3055555555555556,0.0,0.08333333333333333,0.0,0.0,0.010617760617760617,0.26544401544401547,,0.7239382239382239,,,0,,3,0.00,11.11,16.67,27.78,11.11,33.33,0.00,2.78,44.44,22.22,22.22,2.0,0.0,0.07142857142857142,0.0,0.0,0.0,0.0,0.0,0.0,0.0,0.0,0.0,0.0,0.2222222222222222,0.0,0.0,0.0,0.0,0.0,0.0,0.0,0.0,0.0,0.0,0.0,0.0,0.0,0.0,0.0,0.0,0.0,0.0,0.0,,0.24693682377014436
2026-07-01,dcac933b-7639-49ee-9dce-d1f388fbfc7b,13,1850,1861,5,184,1.4488709454078958,849,47,2062,0.875,0.07065217391304347,0.0,0.010869565217391304,0.0,0.043478260869565216,0.0860042735042735,0.3472222222222222,,0.5341880341880342,,0.03258547008547009,0,,6,0.00,2.17,21.20,57.61,3.80,15.22,0.00,14.13,18.48,40.22,16.30,,,,,,,,,,,,,,,,,,,,,,,,,,,,,,,,,,,0.24891067196883535
2026-07-01,391e5f20-0a0a-4b5a-ae6b-0b3b2a7cdd13,15,1515,1515,5,45,1.060695563308072,729,272,15959,0.3333333333333333,0.3333333333333333,0.0,0.0,0.0,0.3333333333333333,0.009900990099009901,0.49504950495049505,,,,0.49504950495049505,0,,3,0.00,28.89,15.56,24.44,13.33,17.78,0.00,8.89,17.78,46.67,22.22,,,,,,,,,,,,,,,,,,,,,,,,,,,,,,,,,,,0.25091784365905934
2026-07-01,77c28934-9cea-4db8-af46-54bcb2251bf3,18,-5508,2492,5,231,2.1567861653645104,856,139,1788,0.8311688311688312,0.07792207792207792,0.0,0.004329004329004329,0.008658008658008658,0.07792207792207792,0.018299656881433472,0.0857796416317194,,0.04765535646206634,0.7624857033930614,0.0857796416317194,0,,5,0.00,12.12,5.19,54.98,7.36,19.48,0.87,3.90,13.42,21.65,19.05,,,,,,,,,,,,,,,,,,,,,,,,,,,,,,,,,,,0.2542513780024333
2026-07-01,f19aaa00-f337-4174-ba14-a2a39dd6ebbf,11,1108,1108,5,21,0.6040846369652159,810,271,1470,0.38095238095238093,0.5238095238095238,0.0,0.047619047619047616,0.0,0.047619047619047616,0.007220216606498195,0.4963898916967509,,0.45126353790613716,,0.04512635379061372,0,,4,0.00,28.57,19.05,14.29,9.52,28.57,0.00,4.76,9.52,71.43,14.29,,,,,,,,,,,,,,,,,,,,,,,,,,,,,,,,,,,0.2670398153207782
2026-07-01,4aa62508-b53b-41ba-bd39-9c8b50069fb0,14,-4571,2429,5,99,2.086106832785641,127,40,1073,0.797979797979798,0.13131313131313133,0.0,0.010101010101010102,0.0,0.06060606060606061,0.008378407042104147,0.0689362604730088,,0.053027892671545236,,0.8696574398133419,0,,7,0.00,0.00,18.18,47.47,12.12,21.21,1.01,15.15,29.29,9.09,20.20,8.0,5.0,1.0,0.0,0.0,1.0,0.0,0.9545454545454546,0.0,0.0,0.0,1.0,0.0,0.0,0.0,0.0,1.0,0.0,0.0,0.0,1.0,0.0,0.0,0.0,0.0,0.0,0.04,0.0,0.0,0.8823529411764706,0.0,0.0,31.625,35.0,0.2712497907059003
2026-07-01,5ab609ff-13f6-4eea-bff9-a5169113a774,16,963,963,5,179,0.44140998261702385,36,21,1218,0.9106145251396648,0.0893854748603352,0.0,0.0,0.0,0.0,0.16926272066458983,0.8307372793354102,,,,,0,,2,0.00,36.31,5.59,16.20,4.47,37.43,0.00,14.53,23.46,31.84,25.14,,,,,,,,,,,,,,,,,,,,,,,,,,,,,,,,,,,0.27242077204444715
2026-07-01,0df8bc26-9343-428a-a8ae-2b70779c49a2,11,882,882,6,49,0.3505365550156201,447,127,7536,0.6530612244897959,0.22448979591836735,0.0,0.0,0.0,0.12244897959183673,0.036281179138321996,0.6235827664399093,,,,0.3401360544217687,0,,3,0.00,6.12,10.20,38.78,40.82,4.08,0.00,14.29,26.53,24.49,8.16,4.0,1.0,0.14285714285714285,0.0,0.0,0.0,0.0,0.0,0.0,0.2,0.0,1.0,0.0,0.0,0.0,0.0,0.0,0.14285714285714285,0.0,0.0,0.0,0.0,0.0,0.0,0.0,0.0,0.0,0.0,0.0,0.0,0.0,0.0,0.0,0.0,0.2728370114226172
2026-07-01,def56b88-a05b-465b-80ee-702831d3f535,16,800,800,5,16,0.2585412332462977,504,289,17827,0.0,1.0,0.0,0.0,0.0,0.0,,1.0,,,,,0,,1,0.00,12.50,18.75,18.75,25.00,25.00,0.00,12.50,31.25,31.25,18.75,,,,,,,,,,,,,,,,,,,,,,,,,,,,,,,,,,,0.27360896668002926
2026-07-01,056caf66-d67b-449e-8cba-0bab8aca5949,16,1889,1889,5,370,1.4802839821096156,748,184,4954,0.9162162162162162,0.043243243243243246,0.0,0.0,0.0,0.04054054054054054,0.17946003176283748,0.4235044997353097,,,,0.39703546850185284,0,,3,0.00,48.38,3.24,35.41,7.03,5.95,0.00,5.41,59.19,21.62,12.97,,,,,,,,,,,,,,,,,,,,,,,,,,,,,,,,,,,0.28061086535920104
2026-07-01,1dd4b8bc-f909-42bf-9748-88decb919c94,17,850,850,5,17,0.31463594164222597,309,165,9989,0.0,1.0,0.0,0.0,0.0,0.0,,1.0,,,,,0,,1,0.00,11.76,17.65,23.53,23.53,23.53,0.00,11.76,29.41,29.41,23.53,5.0,1.0,1.0,0.0,0.0,0.0,0.0,0.6818181818181818,0.0,0.0,0.0,0.0,0.0,0.0,0.0,0.0,0.0,0.0,0.0,0.0,0.03333333333333333,0.0,0.0,0.0,0.0,0.0,0.6,0.0,0.0,0.35294117647058826,0.0,0.0,19.2,15.0,0.2807987501142814
2026-07-01,f13aabfc-4431-413e-be36-ba5cf9e58987,13,668,668,5,31,0.11045120308104706,212,27,1269,0.5806451612903226,0.41935483870967744,0.0,0.0,0.0,0.0,0.02694610778443114,0.9730538922155688,,,,,0,,2,0.00,3.23,25.81,48.39,12.90,9.68,0.00,12.90,29.03,12.90,9.68,1.0,0.0,0.0,0.0,0.0,0.0,0.0,0.0,0.0,0.0,0.0,0.2222222222222222,0.0,0.0,0.0,0.0,0.0,0.0,0.0,0.0,0.0,0.0,0.0,0.0,0.0,0.0,0.0,0.0,0.0,0.0,0.0,0.0,0.0,,0.2814764483283017
2026-07-01,3b2cfddf-9e35-49e3-a1fd-9e60a0dde70b,14,704,704,5,18,0.1508393931261154,40,21,1057,0.2222222222222222,0.7777777777777778,0.0,0.0,0.0,0.0,0.005681818181818182,0.9943181818181818,,,,,0,,2,0.00,5.56,33.33,22.22,16.67,22.22,0.00,11.11,22.22,38.89,27.78,,,,,,,,,,,,,,,,,,,,,,,,,,,,,,,,,,,0.2841479892117899
2026-07-01,96092195-0914-4fe0-b0cd-ac6ce3c4ccd5,7,362,362,5,19,-0.23284841230203399,90,26,1464,0.631578947368421,0.3684210526315789,0.0,0.0,0.0,0.0,0.03314917127071823,0.9668508287292817,,,,,0,,2,0.00,5.26,31.58,31.58,10.53,21.05,0.00,10.53,26.32,31.58,31.58,,,,,,,,,,,,,,,,,,,,,,,,,,,,,,,,,,,0.29672616651769046
2026-07-01,6dece871-c22b-40a9-a919-19a88acf3401,7,324,329,5,36,-0.26987091984334666,884,53,1640,0.8055555555555556,0.16666666666666666,0.0,0.0,0.0,0.027777777777777776,0.08682634730538923,0.8982035928143712,,,,0.014970059880239521,0,,3,0.00,0.00,5.56,38.89,16.67,38.89,0.00,25.00,5.56,33.33,0.00,,,,,,,,,,,,,,,,,,,,,,,,,,,,,,,,,,,0.2980316163269789
2026-07-01,a6e4050d-a9e0-4fcc-9022-b1d4d849f16f,17,1871,1871,5,205,1.4600898870870815,275,150,11463,0.8341463414634146,0.08292682926829269,0.0,0.0,0.0,0.08292682926829269,0.09139497594869055,0.45430251202565475,,,,0.45430251202565475,0,,3,0.00,19.02,43.90,18.54,7.80,10.73,0.00,1.95,8.78,42.44,33.17,5.0,0.0,0.21428571428571427,0.0,0.0,0.0,0.0,0.045454545454545456,0.0,0.0,0.0,0.8888888888888888,0.0,0.0,0.0,0.0,0.1111111111111111,0.0,0.0,0.0,0.3,0.0,0.0,0.0,0.0,0.0,0.0,0.0,0.0,0.0,0.0,0.0,57.0,,0.3010374619105325
2026-07-01,c52fb72f-b3dc-4650-9182-b08b5ed1420a,15,846,846,6,62,0.3101483649705517,806,175,13771,0.7419354838709677,0.24193548387096775,0.0,0.0,0.0,0.016129032258064516,0.054373522458628844,0.8865248226950354,,,,0.0591016548463357,0,,3,0.00,3.23,11.29,61.29,9.68,14.52,0.00,1.61,9.68,38.71,20.97,9.0,3.0,1.0,0.0,0.25,0.0,0.0,0.36363636363636365,0.0,0.0,0.0,0.1111111111111111,0.0,0.0,0.0,0.0,1.0,0.0,0.0,0.0,0.1,0.0,0.0,0.0,0.0,0.0,1.0,0.0,0.0,0.23529411764705882,0.16666666666666666,0.0,27.88888888888889,8.666666666666666,0.30562950925091387
2026-07-01,203cf200-1d9f-421a-9838-9f2f6949bb12,14,593,603,6,17,0.03752808216634029,216,19,1123,0.17647058823529413,0.6470588235294118,0.0,0.0,0.0,0.17647058823529413,0.004893964110929853,0.8972267536704731,,,,0.09787928221859707,0,,4,0.00,17.65,5.88,35.29,23.53,17.65,0.00,5.88,35.29,35.29,17.65,2.0,1.0,1.0,0.0,0.0,0.0,0.0,0.0,0.0,0.0,0.0,0.0,0.0,0.0,0.0,0.0,0.0,0.0,0.0,0.0,0.0,0.0,0.0,0.0,0.0,0.0,0.0,0.0,0.0,0.5294117647058824,0.0,0.0,145.5,272.0,0.31022223734449517
2026-07-01,13d3c3dc-fde0-4cb1-8998-0cef49a16959,10,500,500,5,10,-0.07802701712927194,771,215,8544,0.0,1.0,0.0,0.0,0.0,0.0,,1.0,,,,,0,,1,0.00,10.00,20.00,20.00,30.00,20.00,0.00,20.00,30.00,40.00,10.00,,,,,,,,,,,,,,,,,,,,,,,,,,,,,,,,,,,0.3112689011172884
2026-07-01,1ae9441a-706b-4e92-b309-18f69812c044,6,306,306,5,12,-0.29567448570547367,828,107,2208,0.5,0.5,0.0,0.0,0.0,0.0,0.0196078431372549,0.9803921568627451,,,,,0,,2,0.00,0.00,16.67,16.67,8.33,58.33,0.00,16.67,58.33,0.00,16.67,,,,,,,,,,,,,,,,,,,,,,,,,,,,,,,,,,,0.31367960838716885
